{"client_meta":{"background_color":{"r":0.11764705926179886,"g":0.11764705926179886,"b":0.11764705926179886,"a":1},"thumbnail_size":{"width":399,"height":127},"render_coordinates":{"x":-1275,"y":-430,"width":2549,"height":812}},"file_name":"signup flow","developer_related_links":[]}